Georgia,1903,Albany State University- Albany
Tennessee,1866,Fisk University- Nashville
Delaware,1891,Delaware State University
North Carolina,1879,Livingstone College- Salisbury
South Carolina,1948,Denmark Technical College- Denmark
Maryland,1886,University of Maryland- Eastern Shore- Princess Anne
Alabama,1896,Oakwood University- Huntsville
South Carolina,1897,Voorhees College- Denmark
Texas,1894,Texas College- Tyler
Georgia,1988,Clark Atlanta University- Atlanta
Missouri,1857,Harris-Stowe State University- St. Louis
South Carolina,1894,Clinton College- Rock Hill
Louisiana,1915,Xavier University- New Orleans
Kentucky,1879,Simmons College of Kentucky- Louisville
Alabama,1898,Miles College- Fairfield
Tennessee,1912,Tennessee State University- Nashville
Georgia,1882,Paine College- Augusta
South Carolina,1870,Allen University- Columbia
Alabama,1881,Tuskegee University- Tuskegee
Mississippi,1877,Jackson State University- Jackson
Maryland,1865,Bowie State University- Bowie
North Carolina,1867,Johnson C. Smith University- Charlotte
Louisiana,1956,Southern University New Orleans- New Orleans
Texas,1873,Wiley College- Marshall
Texas,1947,Texas Southern University- Houston
Texas,1948,Southwestern Christian College- Terrell
Pennsylvania,1854,The Lincoln University- Lincoln University
Tennessee,1875,Knoxville College**- Knoxville
North Carolina,1867,St. Augustine's University- Raleigh
Tennessee,1882,Lane College- Jackson
Washington_D.C.,1867,Howard University
Ohio,1894,Payne Theological Seminary*- Wilberforce
Washington_D.C.,1851,University of the District of Columbia
Mississippi,1869,Tougaloo College- Tougaloo
Michigan,1928,Lewis College of Business- Detroit
Alabama,1963,H. Councill Trenholm State Community College- Montgomery
Alabama,1904,Birmingham-Easonian Baptist Bible College- Birmingham*
Georgia,1890,Savannah State University- Savannah
Alabama,1963,Shelton State Community College- Tuscaloosa
North Carolina,1865,Shaw University- Raleigh
Alabama,1878,Selma University- Selma
North Carolina,1910,North Carolina Central University- Durham
Georgia,1881,Spelman College- Atlanta
Tennessee,1968,LeMoyne Owen College- Memphis
Kentucky,1886,Kentucky State University- Frankfort
Mississippi,1950,Mississippi Valley State University- Itta Bena
Alabama,1974,Miles School of Law- Fairfield *
Arkansas,1877,Philander Smith College- Little Rock
Texas,1898,St. Philip's College- San Antonio
Alabama,1867,Alabama State University- Montgomery
Ohio,1856,Wilberforce University- Wilberforce
Oklahoma,1897,Langston University- Langston
Tennessee,1924,American Baptist University- Nashville
Virginia,1865,Virginia Union University- Richmond
Alabama,1876,Stillman College- Tuscaloosa
Arkansas,1884,Arkansas Baptist College- Little Rock
Arkansas,1873,Shorter College- North Little Rock
Alabama,1961,J.F. Drake State Technical College- Huntsville
Florida,1979,Edward Waters College- Jacksonville
Texas,1912,Jarvis Christian College- Hawkins
West_Virginia,1895,Bluefield State College- Bluefield
Louisiana,1880,Southern University and A&M College- Baton Rouge
Virginia,1888,Saint Paul's College- Lawrenceville 
Alabama,1847,Alabama A&M University- Huntsville
Tennessee,1876,Meharry Medical College
South Carolina,1908,Morris College- Sumter
West_Virginia,1891,West Virginia State University- Institute
Ohio,1887,Central State University- Wilberforce
Virginia,1935,Norfolk State University- Norfolk
Georgia,1958,Interdenominational Theological Center- Atlanta
Florida,1879,Florida Memorial University- Miami Gardens
Louisiana,1901,Grambling State University- Grambling
South Carolina,1896,South Carolina State University- Orangeburg
Georgia,1881,Morris Brown College**- Atlanta
North Carolina,1873,Bennett College- Greensboro
Georgia,1943,Carver College*- Atlanta
South Carolina,1869,Claflin University- Orangeburg
Alabama,1922,Concordia University-Alabama- Selma
North Carolina,1891,North Carolina A&T State University- Greensboro
Florida,1887,Florida A&M University- Tallahassee
Alabama,1925,Gadsden State College- Gadsden 
North Carolina,1879,Hood Theological Seminary*- Salisbury
North Carolina,1867,Barber-Scotia College**- Concord
Texas,1872,Paul Quinn College- Dallas
Virginia,1868,Hampton University- Hampton
North Carolina,1891,Elizabeth City State University- Elizabeth City
South Carolina,1870,Benedict College- Columbia
Florida,1904,Bethune Cookman University- Daytona Beach
Georgia,1895,Fort Valley State University- Fort Valley
California,1966,Charles Drew University of Medicine & Science*- Los Angeles
North Carolina,1892,Winston-Salem State University- Winston Salem
Texas,1876,Prairie View A&M University- Prairie View
North Carolina,1867,Fayetteville State University- Fayetteville
Louisiana,1967,Southern University-Shreveport- Shreveport
Arkansas,1873,University of Arkansas at Pine Bluff- Pine Bluff
Virginia,1882,Virginia State University- Petersburg
Louisiana,1869,Dillard University-New Orleans
Mississippi,1866,Rust College- Holly Springs
Texas,1875,Huston-Tillotson University- Austin
Pennsylvania,1837,Cheyney University- Cheyney
Mississippi,1871,Alcorn State University- Lorman
Mississippi,1924,Coahoma Community College- Clarksdale
Alabama,1950,Lawson State Community College- Birmingham
Virginia,1886,Virginia University of Lynchburg- Lynchburg
Maryland,1867,Morgan State University- Baltimore
Georgia,1975,Morehouse School of Medicine- Atlanta
Missouri,1866,Lincoln University- Jefferson City
Mississippi,1903,Hinds County Community College- Utica
Maryland,1900,Coppin State University- Baltimore
Georgia,1867,Morehouse College- Atlanta
U.S._Virgin_Islands,1962,University of the Virgin Islands- St. Thomas &  St. Croix
Georgia,1867,Johnson C Smith Theological Seminary*- Atlanta
Alabama,1867,Talladega College- Talladega
